,Workload,ReplacementPolicy,IPC,LLC_Load_Access,LLC_Load_Hit,LLC_Load_Miss,LLC_Load_MPKI,LLC_Miss_Latency,L2C_Load_Access,L2C_Load_Hit,L2C_Load_Miss,L2C_Load_MPKI,L2C_Miss_Latency,L1D_Load_Access,L1D_Load_Hit,L1D_Load_Miss,L1D_Load_MPKI,L1D_Miss_Latency
0,bc-0,lru,0.13715,3729846.0,1289604.0,2440242.0,48.80484,229.082,4173820.0,443974.0,3729846.0,74.59692,171.227,10392052.0,6218232.0,4173820.0,83.4764,164.188
1,bc-12,lru,0.140634,3676745.0,1258036.0,2418709.0,48.37418,239.42,4171415.0,494669.0,3676746.0,73.53492,178.87,11673548.0,7502133.0,4171415.0,83.4283,168.848
2,bc-3,lru,0.156484,3624852.0,1422296.0,2202556.0,44.05112,230.389,4334819.0,709967.0,3624852.0,72.49704,161.413,9463391.0,5128572.0,4334819.0,86.69638,146.276
3,bc-5,lru,0.202172,3628450.0,1222167.0,2406283.0,48.12566,421.137,3944964.0,316498.0,3628466.0,72.56932,300.93,10032938.0,6087973.0,3944965.0,78.8993,288.159
4,bfs-10,lru,0.243185,901076.0,38484.0,862592.0,17.25184,148.599,2177686.0,1276610.0,901076.0,18.02152,163.571,9285765.0,7108080.0,2177685.0,43.5537,78.6808
5,bfs-14,lru,0.27966,835271.0,45606.0,789665.0,15.7933,142.457,1157331.0,322060.0,835271.0,16.70542,155.7,7311578.0,6154254.0,1157324.0,23.14648,123.1
6,bfs-3,lru,0.239822,902381.0,42114.0,860267.0,17.20534,147.384,1596073.0,693692.0,902381.0,18.04762,161.7,8421371.0,6825302.0,1596069.0,31.92138,102.273
7,bfs-8,lru,0.320525,822143.0,45525.0,776618.0,15.53236,167.158,1016222.0,194079.0,822143.0,16.44286,179.665,5950483.0,4934275.0,1016208.0,20.32416,158.107
8,cc-13,lru,0.213284,2616245.0,1455324.0,1160921.0,23.21842,179.677,3755401.0,1139156.0,2616245.0,52.3249,100.743,10576166.0,6820765.0,3755401.0,75.10802,81.3319
9,cc-14,lru,0.24663,2553979.0,1425216.0,1128763.0,22.57526,187.952,3656835.0,1102855.0,2553980.0,51.0796,104.087,10294351.0,6637516.0,3656835.0,73.1367,83.9024
10,cc-5,lru,0.274626,2514040.0,1402017.0,1112023.0,22.24046,191.039,3601128.0,1087087.0,2514041.0,50.28082,105.518,10071527.0,6470399.0,3601128.0,72.02256,84.8935
11,cc-6,lru,0.197423,2784970.0,1556780.0,1228190.0,24.5638,181.438,3999384.0,1214414.0,2784970.0,55.6994,101.029,10811323.0,6811938.0,3999385.0,79.9877,81.5132
12,pr-10,lru,0.067741,6542397.0,3558923.0,2983474.0,59.66948,160.263,9098104.0,2555707.0,6542397.0,130.84794,94.0763,17775757.0,8677653.0,9098104.0,181.96208,78.5897
13,pr-14,lru,0.0680798,6495864.0,3552518.0,2943346.0,58.86692,161.11,9103218.0,2607354.0,6495864.0,129.91728,93.9936,17758084.0,8654865.0,9103219.0,182.06438,78.0163
14,pr-3,lru,0.0683825,6499472.0,3556537.0,2942935.0,58.8587,160.328,9079479.0,2580007.0,6499472.0,129.98944,93.587,17757306.0,8677827.0,9079479.0,181.58958,77.9412
15,pr-5,lru,0.0684388,6485300.0,3545319.0,2939981.0,58.79962,160.292,9065158.0,2579858.0,6485300.0,129.706,93.657,17751870.0,8686712.0,9065158.0,181.30316,77.947
16,sssp-10,lru,0.322492,1932069.0,890338.0,1041731.0,20.83462,198.852,2392281.0,460211.0,1932070.0,38.6414,129.303,9455934.0,7063651.0,2392283.0,47.84566,110.692
17,sssp-14,lru,0.320851,1932915.0,889409.0,1043506.0,20.87012,198.358,2384595.0,451679.0,1932916.0,38.65832,129.195,9729749.0,7345149.0,2384600.0,47.692,110.951
18,sssp-3,lru,0.314164,1926498.0,863654.0,1062844.0,21.25688,199.475,2346871.0,420372.0,1926499.0,38.52998,132.156,10988487.0,8641608.0,2346879.0,46.93758,114.411
19,sssp-5,lru,0.322335,1924062.0,886919.0,1037143.0,20.74286,197.848,2391642.0,467579.0,1924063.0,38.48126,128.789,9450747.0,7059099.0,2391648.0,47.83296,109.87
20,bc-0,drrip,0.145781,3729837.0,1482801.0,2247036.0,44.94072,226.187,4173831.0,443994.0,3729837.0,74.59674,159.344,10381094.0,6207263.0,4173831.0,83.47662,153.57
21,bc-12,drrip,0.149486,3676754.0,1425269.0,2251485.0,45.0297,237.172,4171418.0,494663.0,3676755.0,73.5351,168.528,11660107.0,7488689.0,4171418.0,83.42836,159.733
22,bc-3,drrip,0.165216,3624859.0,1620445.0,2004414.0,40.08828,225.631,4334822.0,709963.0,3624859.0,72.49718,147.595,9456948.0,5122126.0,4334822.0,86.69644,134.72
23,bc-5,drrip,0.209938,3628471.0,1353974.0,2274497.0,45.48994,414.25,3944969.0,316485.0,3628484.0,72.56968,284.796,10026464.0,6081494.0,3944970.0,78.8994,273.327
24,bfs-10,drrip,0.244244,901075.0,44348.0,856727.0,17.13454,147.905,2177687.0,1276612.0,901075.0,18.0215,162.405,9285911.0,7108225.0,2177686.0,43.55372,78.1994
25,bfs-14,drrip,0.281109,835271.0,52251.0,783020.0,15.6604,142.039,1157328.0,322057.0,835271.0,16.70542,154.546,7312491.0,6155170.0,1157321.0,23.14642,122.269
26,bfs-3,drrip,0.241125,902381.0,49022.0,853359.0,17.06718,146.623,1596072.0,693691.0,902381.0,18.04762,160.273,8421832.0,6825764.0,1596068.0,31.92136,101.468
27,bfs-8,drrip,0.316515,822143.0,54941.0,767202.0,15.34404,171.489,1016220.0,194077.0,822143.0,16.44286,182.323,5951095.0,4934889.0,1016206.0,20.32412,160.284
28,cc-13,drrip,0.22623,2616253.0,1615063.0,1001190.0,20.0238,175.058,3755397.0,1139144.0,2616253.0,52.32506,88.1353,10537536.0,6782139.0,3755397.0,75.10794,72.558
29,cc-14,drrip,0.261181,2553981.0,1579040.0,974941.0,19.49882,181.68,3656842.0,1102861.0,2553981.0,51.07962,90.5086,10248808.0,6591966.0,3656842.0,73.13684,74.43
30,cc-5,drrip,0.290523,2514041.0,1553986.0,960055.0,19.2011,183.828,3601116.0,1087074.0,2514042.0,50.28084,91.3569,10022839.0,6421723.0,3601116.0,72.02232,75.0195
31,cc-6,drrip,0.209624,2784980.0,1725681.0,1059299.0,21.18598,176.668,3999414.0,1214434.0,2784980.0,55.6996,88.3375,10769660.0,6770245.0,3999415.0,79.9883,72.6848
32,pr-10,drrip,0.0730639,6542403.0,3906246.0,2636157.0,52.72314,160.639,9098102.0,2555699.0,6542403.0,130.84806,85.7312,17642137.0,8544035.0,9098102.0,181.96204,72.5942
33,pr-14,drrip,0.0735894,6495858.0,3902734.0,2593124.0,51.86248,161.311,9103214.0,2607356.0,6495858.0,129.91716,85.3996,17622878.0,8519663.0,9103215.0,182.0643,71.8889
34,pr-3,drrip,0.0739124,6499476.0,3909129.0,2590347.0,51.80694,160.681,9079470.0,2579994.0,6499476.0,129.98952,85.0426,17622524.0,8543054.0,9079470.0,181.5894,71.8296
35,pr-5,drrip,0.0738642,6485306.0,3891467.0,2593839.0,51.87678,160.644,9065150.0,2579844.0,6485306.0,129.70612,85.2552,17618019.0,8552869.0,9065150.0,181.303,71.9414
36,sssp-10,drrip,0.340505,1932081.0,1011979.0,920102.0,18.40204,191.053,2392288.0,460207.0,1932081.0,38.64162,114.249,9451745.0,7059455.0,2392290.0,47.8458,99.1161
37,sssp-14,drrip,0.338489,1932915.0,1010572.0,922343.0,18.44686,190.735,2384600.0,451685.0,1932915.0,38.6583,114.31,9726150.0,7341545.0,2384605.0,47.6921,99.4659
38,sssp-3,drrip,0.332889,1926510.0,988484.0,938026.0,18.76052,191.144,2346873.0,420362.0,1926511.0,38.53022,116.421,10984667.0,8637786.0,2346881.0,46.93762,102.132
39,sssp-5,drrip,0.340021,1924062.0,1009157.0,914905.0,18.2981,190.818,2391640.0,467577.0,1924063.0,38.48126,114.063,9446450.0,7054804.0,2391646.0,47.83292,98.596
40,bc-0,dummy_hits_15_30,0.205108,3729847.0,2403478.0,1326369.0,26.52738,170.865,4173816.0,443969.0,3729847.0,74.59694,94.0693,10349248.0,6175432.0,4173816.0,83.47632,95.2491
41,bc-12,dummy_hits_15_30,0.209832,3676758.0,2382173.0,1294585.0,25.8917,165.448,4171417.0,494658.0,3676759.0,73.53518,94.6556,11644517.0,7473100.0,4171417.0,83.42834,94.6239
42,bc-3,dummy_hits_15_30,0.224533,3624864.0,2394737.0,1230127.0,24.60254,184.041,4334811.0,709947.0,3624864.0,72.49728,91.8211,9425604.0,5090793.0,4334811.0,86.69622,88.0752
43,bc-5,dummy_hits_15_30,0.282181,3628496.0,2395800.0,1232696.0,24.65392,257.852,3944975.0,316455.0,3628520.0,72.5704,140.087,10043521.0,6098545.0,3944976.0,78.89952,140.283
44,bfs-10,dummy_hits_15_30,0.243797,901076.0,42229.0,858847.0,17.17694,148.321,2177689.0,1276613.0,901076.0,18.02152,162.834,9285887.0,7108199.0,2177688.0,43.55376,78.3764
45,bfs-14,dummy_hits_15_30,0.280222,835271.0,49525.0,785746.0,15.71492,142.305,1157331.0,322060.0,835271.0,16.70542,155.089,7323766.0,6166442.0,1157324.0,23.14648,122.66
46,bfs-3,dummy_hits_15_30,0.240493,902381.0,46824.0,855557.0,17.11114,147.049,1596072.0,693691.0,902381.0,18.04762,160.837,8427387.0,6831319.0,1596068.0,31.92136,101.786
47,bfs-8,dummy_hits_15_30,0.321387,822143.0,49317.0,772826.0,15.45652,166.94,1016223.0,194080.0,822143.0,16.44286,178.92,5952377.0,4936168.0,1016209.0,20.32418,157.497
48,cc-13,dummy_hits_15_30,0.300701,2616248.0,2141810.0,474438.0,9.48876,140.111,3755382.0,1139133.0,2616249.0,52.32498,49.231,10406272.0,6650890.0,3755382.0,75.10764,45.4851
49,cc-14,dummy_hits_15_30,0.344522,2553978.0,2088593.0,465385.0,9.3077,142.005,3656834.0,1102856.0,2553978.0,51.07956,49.7387,10093800.0,6436966.0,3656834.0,73.13668,45.9963
50,cc-5,dummy_hits_15_30,0.383121,2514024.0,2058946.0,455078.0,9.10156,142.394,3601126.0,1087101.0,2514025.0,50.2805,49.7205,9856747.0,6255621.0,3601126.0,72.02252,45.9955
51,cc-6,dummy_hits_15_30,0.279342,2784976.0,2284720.0,500256.0,10.00512,140.577,3999351.0,1214375.0,2784976.0,55.69952,48.9487,10627693.0,6628341.0,3999352.0,79.98704,45.2926
52,pr-10,dummy_hits_15_30,0.115628,6542412.0,5486513.0,1055899.0,21.11798,142.986,9098092.0,2555680.0,6542412.0,130.84824,44.0745,17250575.0,8152483.0,9098092.0,181.96184,42.6658
53,pr-14,dummy_hits_15_30,0.115373,6495847.0,5436367.0,1059480.0,21.1896,143.522,9103190.0,2607343.0,6495847.0,129.91694,44.4061,17242729.0,8139538.0,9103191.0,182.06382,42.6611
54,pr-3,dummy_hits_15_30,0.115994,6499471.0,5446805.0,1052666.0,21.05332,142.755,9079439.0,2579968.0,6499471.0,129.98942,44.1184,17243449.0,8164010.0,9079439.0,181.58878,42.5573
55,pr-5,dummy_hits_15_30,0.115966,6485307.0,5431716.0,1053591.0,21.07182,142.892,9065128.0,2579821.0,6485307.0,129.70614,44.2118,17238376.0,8173248.0,9065128.0,181.30256,42.6033
56,sssp-10,dummy_hits_15_30,0.412615,1932089.0,1362117.0,569972.0,11.39944,164.502,2392301.0,460212.0,1932089.0,38.64178,80.7343,9440595.0,7048292.0,2392303.0,47.84606,73.3471
57,sssp-14,dummy_hits_15_30,0.408897,1932929.0,1358726.0,574203.0,11.48406,165.351,2384600.0,451670.0,1932930.0,38.6586,81.3611,9715817.0,7331212.0,2384605.0,47.6921,74.0449
58,sssp-3,dummy_hits_15_30,0.406529,1926508.0,1355391.0,571117.0,11.42234,164.578,2346877.0,420368.0,1926509.0,38.53018,81.5599,10974326.0,8627441.0,2346885.0,46.9377,74.9257
59,sssp-5,dummy_hits_15_30,0.410147,1924070.0,1351504.0,572566.0,11.45132,164.759,2391644.0,467572.0,1924072.0,38.48144,81.111,9436477.0,7044827.0,2391650.0,47.833,73.3682
60,bc-0,dummy_hits_20_30,0.178895,3729846.0,2128079.0,1601767.0,32.03534,184.674,4173816.0,443969.0,3729847.0,74.59694,112.298,10365909.0,6192093.0,4173816.0,83.47632,111.536
61,bc-12,dummy_hits_20_30,0.183801,3676746.0,2114226.0,1562520.0,31.2504,183.2,4171414.0,494667.0,3676747.0,73.53494,113.742,11655470.0,7484056.0,4171414.0,83.42828,111.446
62,bc-3,dummy_hits_20_30,0.196506,3624854.0,2115397.0,1509457.0,30.18914,196.214,4334811.0,709957.0,3624854.0,72.49708,110.818,9441278.0,5106467.0,4334811.0,86.69622,103.962
63,bc-5,dummy_hits_20_30,0.252372,3628485.0,2094992.0,1533493.0,30.66986,300.272,3944976.0,316471.0,3628505.0,72.5701,177.242,10044830.0,6099854.0,3944976.0,78.89952,174.443
64,bfs-10,dummy_hits_20_30,0.243481,901076.0,40325.0,860751.0,17.21502,148.457,2177689.0,1276613.0,901076.0,18.02152,163.2,9285859.0,7108171.0,2177688.0,43.55376,78.5276
65,bfs-14,dummy_hits_20_30,0.279884,835271.0,47026.0,788245.0,15.7649,142.312,1157331.0,322060.0,835271.0,16.70542,155.402,7314795.0,6157471.0,1157324.0,23.14648,122.885
66,bfs-3,dummy_hits_20_30,0.240115,902381.0,44163.0,858218.0,17.16436,147.236,1596073.0,693692.0,902381.0,18.04762,161.311,8423921.0,6827852.0,1596069.0,31.92138,102.054
67,bfs-8,dummy_hits_20_30,0.320814,822143.0,47332.0,774811.0,15.49622,167.096,1016222.0,194079.0,822143.0,16.44286,179.341,5951404.0,4935196.0,1016208.0,20.32416,157.842
68,cc-13,dummy_hits_20_30,0.255037,2616250.0,1877556.0,738694.0,14.77388,161.224,3755380.0,1139130.0,2616250.0,52.325,68.6748,10478214.0,6722834.0,3755380.0,75.1076,59.0152
69,cc-14,dummy_hits_20_30,0.293198,2553985.0,1831785.0,722200.0,14.444,165.023,3656840.0,1102855.0,2553985.0,51.0797,69.878,10178191.0,6521351.0,3656840.0,73.1368,60.0398
70,cc-5,dummy_hits_20_30,0.325642,2514024.0,1803500.0,710524.0,14.21048,166.344,3601110.0,1087085.0,2514025.0,50.2805,70.2916,9948056.0,6346946.0,3601110.0,72.0222,60.3332
71,cc-6,dummy_hits_20_30,0.23692,2784977.0,2005072.0,779905.0,15.5981,162.136,3999369.0,1214392.0,2784977.0,55.69954,68.4728,10704976.0,6705606.0,3999370.0,79.9874,58.8694
72,pr-10,dummy_hits_20_30,0.0927844,6542400.0,4826502.0,1715898.0,34.31796,158.703,9098091.0,2555691.0,6542400.0,130.848,62.6196,17300200.0,8202109.0,9098091.0,181.96182,55.9896
73,pr-14,dummy_hits_20_30,0.0929633,6495858.0,4791776.0,1704082.0,34.08164,159.051,9103191.0,2607333.0,6495858.0,129.91716,62.7208,17288627.0,8185434.0,9103193.0,182.06386,55.7193
74,pr-3,dummy_hits_20_30,0.0932759,6499469.0,4795361.0,1704108.0,34.08216,158.477,9079451.0,2579982.0,6499469.0,129.98938,62.5464,17288916.0,8209465.0,9079451.0,181.58902,55.7385
75,pr-5,dummy_hits_20_30,0.0935973,6485301.0,4792259.0,1693042.0,33.86084,158.386,9065135.0,2579834.0,6485301.0,129.70602,62.3438,17279608.0,8214473.0,9065135.0,181.3027,55.5642
76,sssp-10,dummy_hits_20_30,0.370287,1932077.0,1179301.0,752776.0,15.05552,175.638,2392287.0,460209.0,1932078.0,38.64156,97.6087,9446898.0,7054609.0,2392289.0,47.84578,86.3219
77,sssp-14,dummy_hits_20_30,0.367243,1932917.0,1174606.0,758311.0,15.16622,176.566,2384585.0,451668.0,1932917.0,38.65834,98.4039,9721685.0,7337095.0,2384590.0,47.6918,87.1943
78,sssp-3,dummy_hits_20_30,0.364114,1926493.0,1169298.0,757195.0,15.1439,175.623,2346871.0,420377.0,1926494.0,38.52988,98.6916,10979973.0,8633094.0,2346879.0,46.93758,88.2953
79,sssp-5,dummy_hits_20_30,0.36906,1924058.0,1171271.0,752787.0,15.05574,175.884,2391641.0,467582.0,1924059.0,38.48118,97.9074,9442356.0,7050709.0,2391647.0,47.83294,86.2273
80,bc-0,dummy_hits_topk,0.196094,3729843.0,2255439.0,1474404.0,29.48808,194.787,4173813.0,443970.0,3729843.0,74.59686,105.926,10338895.0,6165082.0,4173813.0,83.47626,105.843
81,bc-12,dummy_hits_topk,0.200748,3676754.0,2209056.0,1467698.0,29.35396,194.796,4171427.0,494672.0,3676755.0,73.5351,109.229,11625982.0,7454555.0,4171427.0,83.42854,107.468
82,bc-3,dummy_hits_topk,0.216817,3624863.0,2310817.0,1314046.0,26.28092,199.058,4334810.0,709947.0,3624863.0,72.49726,98.8299,9423264.0,5088454.0,4334810.0,86.6962,93.9366
83,bc-5,dummy_hits_topk,0.271086,3628479.0,2191215.0,1437264.0,28.74528,309.851,3944977.0,316475.0,3628502.0,72.57004,167.501,10029879.0,6084900.0,3944979.0,78.89958,165.484
84,bfs-10,dummy_hits_topk,0.275041,901075.0,221476.0,679599.0,13.59198,141.345,2177702.0,1276627.0,901075.0,18.0215,131.872,9286235.0,7108534.0,2177701.0,43.55402,65.5925
85,bfs-14,dummy_hits_topk,0.329171,835271.0,267728.0,567543.0,11.35086,134.02,1157334.0,322063.0,835271.0,16.70542,116.272,7325927.0,6168600.0,1157327.0,23.14654,94.7201
86,bfs-3,dummy_hits_topk,0.277457,902382.0,249312.0,653070.0,13.0614,138.797,1596071.0,693689.0,902382.0,18.04764,125.64,8430195.0,6834128.0,1596067.0,31.92134,81.9376
87,bfs-8,dummy_hits_topk,0.371079,822142.0,260239.0,561903.0,11.23806,156.171,1016228.0,194086.0,822142.0,16.44284,134.764,5950728.0,4934514.0,1016214.0,20.32428,121.35
88,cc-13,dummy_hits_topk,0.286865,2616248.0,2081720.0,534528.0,10.69056,149.046,3755374.0,1139126.0,2616248.0,52.32496,53.9664,10429036.0,6673662.0,3755374.0,75.10748,48.7781
89,cc-14,dummy_hits_topk,0.33149,2553986.0,2035405.0,518581.0,10.37162,151.143,3656821.0,1102835.0,2553986.0,51.07972,54.2633,10120897.0,6464076.0,3656821.0,73.13642,49.1476
90,cc-5,dummy_hits_topk,0.368151,2514028.0,2005588.0,508440.0,10.1688,151.566,3601123.0,1087094.0,2514029.0,50.28058,54.3345,9887140.0,6286017.0,3601123.0,72.02246,49.2061
91,cc-6,dummy_hits_topk,0.266294,2784968.0,2216845.0,568123.0,11.36246,150.269,3999379.0,1214411.0,2784968.0,55.69936,54.0561,10654221.0,6654842.0,3999379.0,79.98758,48.8412
92,pr-10,dummy_hits_topk,0.102471,6542402.0,5156886.0,1385516.0,27.71032,155.199,9098082.0,2555680.0,6542402.0,130.84804,53.871,17253514.0,8155432.0,9098082.0,181.96164,49.7041
93,pr-14,dummy_hits_topk,0.102795,6495855.0,5122956.0,1372899.0,27.45798,155.249,9103195.0,2607340.0,6495855.0,129.9171,53.8158,17246644.0,8143447.0,9103197.0,182.06394,49.3701
94,pr-3,dummy_hits_topk,0.102845,6499478.0,5119051.0,1380427.0,27.60854,154.954,9079438.0,2579960.0,6499478.0,129.98956,53.9138,17247402.0,8167964.0,9079438.0,181.58876,49.5639
95,pr-5,dummy_hits_topk,0.107265,6485314.0,5279016.0,1206298.0,24.12596,152.836,9065139.0,2579825.0,6485314.0,129.70628,49.4758,17377029.0,8311890.0,9065139.0,181.30278,46.366
96,sssp-10,dummy_hits_topk,0.416572,1932081.0,1365581.0,566500.0,11.33,166.148,2392297.0,460213.0,1932084.0,38.64168,80.4205,9455744.0,7063445.0,2392299.0,47.84598,73.1051
97,sssp-14,dummy_hits_topk,0.413874,1932931.0,1368229.0,564702.0,11.29404,167.419,2384593.0,451662.0,1932931.0,38.65862,80.804,9735733.0,7351135.0,2384598.0,47.69196,73.6146
98,sssp-3,dummy_hits_topk,0.408421,1926503.0,1352390.0,574113.0,11.48226,166.763,2346870.0,420366.0,1926504.0,38.53008,81.8836,10994200.0,8647321.0,2346879.0,46.93758,75.1784
99,sssp-5,dummy_hits_topk,0.415652,1924069.0,1361276.0,562793.0,11.25586,166.668,2391641.0,467569.0,1924072.0,38.48144,80.4978,9455693.0,7064046.0,2391647.0,47.83294,72.8981
100,bc-0,dummy_hits_topk_epoch,0.213617,3729854.0,2489778.0,1240076.0,24.80152,171.682,4173815.0,443961.0,3729854.0,74.59708,90.9652,10345931.0,6172116.0,4173815.0,83.4763,92.4757
101,bc-12,dummy_hits_topk_epoch,0.220274,3676757.0,2456281.0,1220476.0,24.40952,170.268,4171424.0,494666.0,3676758.0,73.53516,92.5339,11632941.0,7461517.0,4171424.0,83.42848,92.7537
102,bc-3,dummy_hits_topk_epoch,0.237404,3624856.0,2522457.0,1102399.0,22.04798,175.738,4334809.0,709953.0,3624856.0,72.49712,84.9117,9430640.0,5095831.0,4334809.0,86.69618,82.2952
103,bc-5,dummy_hits_topk_epoch,0.302027,3628480.0,2456076.0,1172404.0,23.44808,273.572,3944973.0,316471.0,3628502.0,72.57004,139.674,10036538.0,6091563.0,3944975.0,78.8995,139.888
104,bfs-10,dummy_hits_topk_epoch,0.312504,901077.0,390354.0,510723.0,10.21446,132.901,2177705.0,1276628.0,901077.0,18.02154,103.566,9285803.0,7108099.0,2177704.0,43.55408,53.9045
105,bfs-14,dummy_hits_topk_epoch,0.346734,835272.0,340173.0,495099.0,9.90198,131.722,1157335.0,322063.0,835272.0,16.70544,103.959,7327428.0,6170100.0,1157328.0,23.14656,85.8583
106,bfs-3,dummy_hits_topk_epoch,0.300548,902382.0,355054.0,547328.0,10.94656,133.87,1596067.0,693685.0,902382.0,18.04764,107.941,8428774.0,6832711.0,1596063.0,31.92126,71.9564
107,bfs-8,dummy_hits_topk_epoch,0.41436,822143.0,392610.0,429533.0,8.59066,152.104,1016228.0,194085.0,822143.0,16.44286,109.923,5949425.0,4933211.0,1016214.0,20.32428,101.016
108,cc-13,dummy_hits_topk_epoch,0.323123,2616249.0,2236601.0,379648.0,7.59296,137.456,3755386.0,1139136.0,2616250.0,52.325,43.9276,10418244.0,6662857.0,3755387.0,75.10774,41.7836
109,cc-14,dummy_hits_topk_epoch,0.377,2553975.0,2190309.0,363666.0,7.27332,138.377,3656819.0,1102844.0,2553975.0,51.0795,43.7816,10113184.0,6456365.0,3656819.0,73.13638,41.82
110,cc-5,dummy_hits_topk_epoch,0.420951,2514036.0,2158146.0,355890.0,7.1178,138.433,3601140.0,1087103.0,2514037.0,50.28074,43.7656,9879990.0,6278849.0,3601141.0,72.02282,41.8189
111,cc-6,dummy_hits_topk_epoch,0.298124,2784971.0,2376022.0,408949.0,8.17898,138.904,3999386.0,1214415.0,2784971.0,55.69942,44.2651,10646083.0,6646697.0,3999386.0,79.98772,42.0208
112,pr-10,dummy_hits_topk_epoch,0.106816,6542408.0,5327751.0,1214657.0,24.29314,153.305,9098091.0,2555683.0,6542408.0,130.84816,49.503,17379983.0,8281892.0,9098091.0,181.96182,46.5659
113,pr-14,dummy_hits_topk_epoch,0.10714,6495861.0,5294472.0,1201389.0,24.02778,153.224,9103201.0,2607340.0,6495861.0,129.91722,49.3842,17379096.0,8275893.0,9103203.0,182.06406,46.2105
114,pr-3,dummy_hits_topk_epoch,0.107295,6499477.0,5294393.0,1205084.0,24.10168,152.866,9079451.0,2579974.0,6499477.0,129.98954,49.3887,17379810.0,8300359.0,9079451.0,181.58902,46.3271
115,pr-5,dummy_hits_topk_epoch,0.107265,6485314.0,5279016.0,1206298.0,24.12596,152.836,9065139.0,2579825.0,6485314.0,129.70628,49.4758,17377029.0,8311890.0,9065139.0,181.30278,46.366
116,sssp-10,dummy_hits_topk_epoch,0.483178,1932086.0,1533165.0,398921.0,7.97842,155.695,2392292.0,460202.0,1932090.0,38.6418,66.1208,9570816.0,7178521.0,2392295.0,47.8459,62.1058
117,sssp-14,dummy_hits_topk_epoch,0.479106,1932908.0,1533787.0,399121.0,7.98242,156.937,2384594.0,451683.0,1932911.0,38.65822,66.4909,9851372.0,7466773.0,2384599.0,47.69198,62.5667
118,sssp-3,dummy_hits_topk_epoch,0.47288,1926499.0,1519756.0,406743.0,8.13486,155.591,2346873.0,420371.0,1926502.0,38.53004,67.3714,11095122.0,8748238.0,2346884.0,46.93768,63.8507
119,sssp-5,dummy_hits_topk_epoch,0.479932,1924064.0,1524609.0,399455.0,7.9891,156.696,2391645.0,467578.0,1924067.0,38.48134,66.5252,9571634.0,7179983.0,2391651.0,47.83302,62.1967
120,bc-0,ship,0.147259,3729839.0,1520710.0,2209129.0,44.18258,217.853,4173826.0,443987.0,3729839.0,74.59678,155.802,10383419.0,6209593.0,4173826.0,83.47652,150.406
121,bc-12,ship,0.151231,3676757.0,1474932.0,2201825.0,44.0365,226.322,4171419.0,494661.0,3676758.0,73.53516,162.742,11666419.0,7495000.0,4171419.0,83.42838,154.634
122,bc-3,ship,0.166567,3624859.0,1647392.0,1977467.0,39.54934,219.81,4334822.0,709963.0,3624859.0,72.49718,145.409,9456412.0,5121590.0,4334822.0,86.69644,132.892
123,bc-5,ship,0.218305,3628480.0,1459048.0,2169432.0,43.38864,380.085,3944971.0,316480.0,3628491.0,72.56982,258.57,10042497.0,6097525.0,3944972.0,78.89944,249.214
124,bfs-10,ship,0.244417,901076.0,45146.0,855930.0,17.1186,148.411,2177692.0,1276616.0,901076.0,18.02152,162.19,9285831.0,7108140.0,2177691.0,43.55382,78.1104
125,bfs-14,ship,0.281271,835271.0,51451.0,783820.0,15.6764,142.07,1157330.0,322059.0,835271.0,16.70542,154.252,7311663.0,6154340.0,1157323.0,23.14646,122.058
126,bfs-3,ship,0.241089,902381.0,49117.0,853264.0,17.06528,147.207,1596072.0,693691.0,902381.0,18.04762,160.278,8421437.0,6825369.0,1596068.0,31.92136,101.471
127,bfs-8,ship,0.318163,822143.0,54301.0,767842.0,15.35684,170.873,1016222.0,194079.0,822143.0,16.44286,181.217,5950961.0,4934753.0,1016208.0,20.32416,159.378
128,cc-13,ship,0.226633,2616251.0,1620117.0,996134.0,19.92268,174.595,3755391.0,1139140.0,2616251.0,52.32502,87.7524,10535691.0,6780300.0,3755391.0,75.10782,72.2919
129,cc-14,ship,0.261787,2553981.0,1584753.0,969228.0,19.38456,181.013,3656853.0,1102872.0,2553981.0,51.07962,89.9835,10246617.0,6589764.0,3656853.0,73.13706,74.0634
130,cc-5,ship,0.291189,2514043.0,1559665.0,954378.0,19.08756,183.291,3601102.0,1087058.0,2514044.0,50.28088,90.8743,10021077.0,6419975.0,3601102.0,72.02204,74.6834
131,cc-6,ship,0.210043,2784976.0,1730988.0,1053988.0,21.07976,176.14,3999409.0,1214433.0,2784976.0,55.69952,87.9292,10768506.0,6769096.0,3999410.0,79.9882,72.4008
132,pr-10,ship,0.0743624,6542408.0,3981772.0,2560636.0,51.21272,160.661,9098101.0,2555693.0,6542408.0,130.84816,83.8765,17611652.0,8513551.0,9098101.0,181.96202,71.2617
133,pr-14,ship,0.0748029,6495864.0,3971874.0,2523990.0,50.4798,161.319,9103211.0,2607347.0,6495864.0,129.91728,83.6757,17594451.0,8491239.0,9103212.0,182.06424,70.6599
134,pr-3,ship,0.0751428,6499474.0,3978965.0,2520509.0,50.41018,160.692,9079469.0,2579995.0,6499474.0,129.98948,83.3099,17593188.0,8513719.0,9079469.0,181.58938,70.5903
135,pr-5,ship,0.0752441,6485306.0,3969565.0,2515741.0,50.31482,160.646,9065148.0,2579842.0,6485306.0,129.70612,83.3112,17587292.0,8522144.0,9065148.0,181.30296,70.5519
136,sssp-10,ship,0.343317,1932087.0,1029997.0,902090.0,18.0418,188.535,2392284.0,460196.0,1932088.0,38.64176,111.988,9451579.0,7059293.0,2392286.0,47.84572,97.3781
137,sssp-14,ship,0.341204,1932921.0,1028296.0,904625.0,18.0925,188.302,2384598.0,451677.0,1932921.0,38.65842,112.145,9725567.0,7340964.0,2384603.0,47.69206,97.7963
138,sssp-3,ship,0.336015,1926507.0,1008116.0,918391.0,18.36782,188.305,2346870.0,420362.0,1926508.0,38.53016,113.908,10984154.0,8637276.0,2346878.0,46.93756,100.17
139,sssp-5,ship,0.342862,1924060.0,1026641.0,897419.0,17.94838,188.243,2391643.0,467582.0,1924061.0,38.48122,111.803,9446298.0,7054649.0,2391649.0,47.83298,96.865
140,bc-0,srrip,0.134658,3729840.0,1265503.0,2464337.0,49.28674,217.421,4173817.0,443977.0,3729840.0,74.5968,167.81,10407486.0,6233669.0,4173817.0,83.47634,161.135
141,bc-12,srrip,0.137595,3676751.0,1248101.0,2428650.0,48.573,224.267,4171414.0,494662.0,3676752.0,73.53504,173.161,11695868.0,7524454.0,4171414.0,83.42828,163.816
142,bc-3,srrip,0.155077,3624846.0,1398845.0,2226001.0,44.52002,222.814,4334811.0,709965.0,3624846.0,72.49692,159.865,9471365.0,5136554.0,4334811.0,86.69622,144.981
143,bc-5,srrip,0.207797,3628465.0,1274713.0,2353752.0,47.07504,371.261,3944966.0,316488.0,3628478.0,72.56956,271.813,10061957.0,6116990.0,3944967.0,78.89934,261.388
144,bfs-10,srrip,0.243938,901075.0,43469.0,857606.0,17.15212,148.589,2177698.0,1276623.0,901075.0,18.0215,162.681,9285879.0,7108182.0,2177697.0,43.55394,78.3129
145,bfs-14,srrip,0.280505,835271.0,50519.0,784752.0,15.69504,142.621,1157330.0,322059.0,835271.0,16.70542,154.961,7313002.0,6155679.0,1157323.0,23.14646,122.568
146,bfs-3,srrip,0.240562,902381.0,47381.0,855000.0,17.1,147.443,1596074.0,693693.0,902381.0,18.04762,160.832,8422119.0,6826049.0,1596070.0,31.9214,101.784
147,bfs-8,srrip,0.318107,822144.0,55145.0,766999.0,15.33998,171.33,1016218.0,194074.0,822144.0,16.44288,181.714,5952499.0,4936295.0,1016204.0,20.32408,159.786
148,cc-13,srrip,0.224077,2616251.0,1589503.0,1026748.0,20.53496,175.974,3755400.0,1139149.0,2616251.0,52.32502,90.1256,10543721.0,6788321.0,3755400.0,75.108,73.9431
149,cc-14,srrip,0.25868,2553987.0,1554145.0,999842.0,19.99684,182.846,3656854.0,1102867.0,2553987.0,51.07974,92.6542,10256261.0,6599407.0,3656854.0,73.13708,75.9266
150,cc-5,srrip,0.287894,2514038.0,1529261.0,984777.0,19.69554,185.14,3601113.0,1087074.0,2514039.0,50.28078,93.5972,10031160.0,6430047.0,3601113.0,72.02226,76.5815
151,cc-6,srrip,0.207566,2784978.0,1698318.0,1086660.0,21.7332,177.589,3999402.0,1214424.0,2784978.0,55.69956,90.3556,10777172.0,6777770.0,3999402.0,79.98804,74.0887
152,pr-10,srrip,0.0739912,6542407.0,3960369.0,2582038.0,51.64076,160.664,9098097.0,2555690.0,6542407.0,130.84814,84.4018,17620737.0,8522640.0,9098097.0,181.96194,71.6392
153,pr-14,srrip,0.0744151,6495863.0,3949969.0,2545894.0,50.91788,161.333,9103212.0,2607349.0,6495863.0,129.91726,84.224,17602649.0,8499436.0,9103213.0,182.06426,71.0508
154,pr-3,srrip,0.0747565,6499474.0,3957091.0,2542383.0,50.84766,160.702,9079469.0,2579995.0,6499474.0,129.98948,83.8535,17601804.0,8522335.0,9079469.0,181.58938,70.9791
155,pr-5,srrip,0.0748426,6485308.0,3946937.0,2538371.0,50.76742,160.642,9065148.0,2579840.0,6485308.0,129.70616,83.8699,17595386.0,8530238.0,9065148.0,181.30296,70.9512
156,sssp-10,srrip,0.335814,1932087.0,968101.0,963986.0,19.27972,190.61,2392276.0,460188.0,1932088.0,38.64176,118.473,9453779.0,7061501.0,2392278.0,47.84556,102.365
157,sssp-14,srrip,0.333565,1932914.0,966398.0,966516.0,19.33032,190.871,2384591.0,451676.0,1932915.0,38.6583,118.811,9727658.0,7343062.0,2384596.0,47.69192,102.939
158,sssp-3,srrip,0.327865,1926512.0,941573.0,984939.0,19.69878,191.107,2346871.0,420358.0,1926513.0,38.53026,121.19,10986269.0,8639390.0,2346879.0,46.93758,105.854
159,sssp-5,srrip,0.335153,1924062.0,965994.0,958068.0,19.16136,190.371,2391639.0,467576.0,1924063.0,38.48126,118.199,9448098.0,7056453.0,2391645.0,47.8329,101.762
